{
  "study_name": "hpo_segformer_resnet50",
  "study_label": "SegFormer ResNet50",
  "best_trial_number": 25,
  "best_value": 0.9293918013572693,
  "direction": "MAXIMIZE",
  "params": {
    "base_learning_rate": 0.0003511211778378911,
    "weight_decay": 0.005261817731139248,
    "label_smoothing": 0.1298355800160782,
    "dice_weight": 0.46748409040580674
  }
}