{
  "study_name": "hpo_unetplusplus_resnet50",
  "study_label": "UNet++ ResNet50",
  "best_trial_number": 27,
  "best_value": 0.9295700788497925,
  "direction": "MAXIMIZE",
  "params": {
    "base_learning_rate": 0.00016508959703748793,
    "weight_decay": 0.009084685766721935,
    "label_smoothing": 0.14941767906438616,
    "dice_weight": 0.3213002225994606
  }
}