{
  "study_name": "hpo_upernet_tu-swin_base_patch4_window7_224",
  "study_label": "UPerNet Swin Base",
  "best_trial_number": 32,
  "best_value": 0.9323577284812927,
  "direction": "MAXIMIZE",
  "params": {
    "base_learning_rate": 9.624625817069316e-05,
    "weight_decay": 1.0217679881970903e-05,
    "label_smoothing": 0.0055310038964485175,
    "dice_weight": 0.5087600372173953
  }
}